U_ppm,Ta_ppm,Pt_ppb,geometry
4.02,1.074,0.0,POINT (77.194444 15.599099)
2.283,0.912,0.0,POINT (77.212963 15.599099)
3.582,0.954,0.0,POINT (77.231481 15.599099)
3.298,0.912,0.0,POINT (77.25 15.599099)
1.705,0.739,0.0,POINT (77.009259 15.617117)
